No,Species,Nomenclature,C(cm),DBH(cm),S(m2),Latitude,Longitude,Code
1,Bạch tùng,Dacrycarpus imbricatus ,62.5,19.89,0.03108092,14.499769,108.576385,A1
2,Bạch tùng,Dacrycarpus imbricatus ,84.8,26.99,0.057217059,14.499799,108.576357,A1
3,Bạch tùng,Dacrycarpus imbricatus ,53.5,17.03,0.022774109,14.499337,108.576284,A1
4,Bạch tùng,Dacrycarpus imbricatus ,88.5,28.17,0.062318985,14.499328,108.576277,A1
5,Bạch tùng,Dacrycarpus imbricatus ,69,21.96,0.037881922,14.499651,108.576259,A1
6,Bạch tùng,Dacrycarpus imbricatus ,184,58.56,0.269382559,14.499441,108.576244,A1
7,Bạch tùng,Dacrycarpus imbricatus ,90.5,28.8,0.065167489,14.499477,108.576189,A1
8,Bạch tùng,Dacrycarpus imbricatus ,96,30.55,0.07332909,14.499442,108.576189,A1
9,Bạch tùng,Dacrycarpus imbricatus ,123,39.15,0.120377148,14.499428,108.576173,A1
10,Bạch tùng,Dacrycarpus imbricatus ,81,25.78,0.05220401,14.49957,108.576166,A1
11,Bạch tùng,Dacrycarpus imbricatus ,100,31.83,0.079567155,14.499448,108.576141,A1
12,Bạch tùng,Dacrycarpus imbricatus ,120.5,38.35,0.115533498,14.499708,108.576137,A1
13,Bạch tùng,Dacrycarpus imbricatus ,170.4,54.23,0.231032463,14.499599,108.576122,A1
14,Bạch tùng,Dacrycarpus imbricatus ,143.5,45.67,0.163846674,14.49942,108.576068,A1
15,Bạch tùng,Dacrycarpus imbricatus ,126.5,40.26,0.12732535,14.499314,108.576064,A1
16,Bạch tùng,Dacrycarpus imbricatus ,108.5,34.53,0.093668444,14.499534,108.576038,A1
17,Bạch tùng,Dacrycarpus imbricatus ,176,56.02,0.246467218,14.499561,108.576015,A1
18,Bạch tùng,Dacrycarpus imbricatus ,166,52.83,0.219255251,14.499416,108.576001,A1
19,Bạch tùng,Dacrycarpus imbricatus ,131,41.69,0.136545194,14.49963,108.575984,A1
20,Bạch tùng,Dacrycarpus imbricatus ,182,57.92,0.263558243,14.49962,108.575958,A1
21,Bạch tùng,Dacrycarpus imbricatus ,120,38.19,0.114576703,14.499604,108.575918,A1
22,Bạch tùng,Dacrycarpus imbricatus ,98,31.19,0.076416295,14.499354,108.575916,A1
23,Bạch tùng,Dacrycarpus imbricatus ,180,57.29,0.257797581,14.499225,108.575914,A1
24,Bạch tùng,Dacrycarpus imbricatus ,187.5,59.68,0.279728278,14.4995032,108.5758683,A1
25,Bạch tùng,Dacrycarpus imbricatus ,82.5,26.26,0.054155395,14.500104,108.576168,A1
26,Chẹo,Engelhardtia roxburghiana ,425,135.26,1.437181731,14.499872,108.576441,A10
27,Chẹo,Engelhardtia roxburghiana ,68.5,21.8,0.037334898,14.499362,108.57611,A10
28,Chẹo,Engelhardtia roxburghiana ,87.5,27.85,0.060918603,14.5000887,108.5756392,A10
29,Chò xót,Schima crenata,32.8,10.44,0.008560153,14.499936,108.576429,A12
30,Chò xót,Schima crenata,37,11.78,0.010892743,14.499658,108.576424,A12
31,Chò xót,Schima crenata,37,11.78,0.010892743,14.499755,108.576315,A12
32,Chò xót,Schima crenata,56,17.82,0.02495226,14.499747,108.576309,A12
33,Chò xót,Schima crenata,129.4,41.18,0.133230108,14.499999,108.576284,A12
34,Chò xót,Schima crenata,66.2,21.07,0.034869828,14.500099,108.576202,A12
35,Chò xót,Schima crenata,66,21.01,0.034659453,14.499906,108.576183,A12
36,Chò xót,Schima crenata,142.9,45.48,0.162479392,14.499852,108.576144,A12
37,Chò xót,Schima crenata,115.5,36.76,0.106144574,14.499724,108.576133,A12
38,Chò xót,Schima crenata,88.4,28.13,0.06217823,14.499371,108.576032,A12
39,Chò xót,Schima crenata,64,20.37,0.032590707,14.499934,108.576021,A12
40,Chò xót,Schima crenata,65.5,20.85,0.034136299,14.499495,108.575945,A12
41,Chò xót,Schima crenata,76.6,24.38,0.046686505,14.4997903,108.5758763,A12
42,Chò xót,Schima crenata,148,47.1,0.174283896,14.4996996,108.5757034,A12
43,Chò xót,Schima crenata,161.4,51.37,0.20727212,14.499258,108.5756695,A12
44,Chò xót,Schima crenata,87,27.69,0.060224379,14.4995053,108.5756644,A12
45,Chò xót,Schima crenata,110.5,35.17,0.097153485,14.4995063,108.5756568,A12
46,Chò xót,Schima crenata,164,52.2,0.214003819,14.4997261,108.5756521,A12
47,Chò xót,Schima crenata,136,43.28,0.147167409,14.4998808,108.5756019,A12
48,Chò xót,Schima crenata,225,71.61,0.402808721,14.4998983,108.5755556,A12
49,Chò xót,Schima crenata,231,73.52,0.424578294,14.499405,108.5755528,A12
50,Chò xót,Schima crenata,220,70.02,0.385105029,14.4994331,108.575528,A12
51,Chôm chôm đỏ,Nephelium Sp ,48.9,15.56,0.019026178,14.499577,108.576365,A13
52,Chua ke,Microcos paniculata,45,14.32,0.016112349,14.499925,108.576372,A14
53,Cóc đá,Garuga pinnata ,50.4,16.04,0.02021133,14.500047,108.5759155,A15
54,Cóc đá,Garuga pinnata ,63.5,20.21,0.032083466,14.4998717,108.5758871,A15
55,Cóc đá,Garuga pinnata ,38.1,12.13,0.011550048,14.4998717,108.5758871,A15
56,Cóc đá,Garuga pinnata ,36.5,11.62,0.010600334,14.5000154,108.5758451,A15
57,Cóc đá,Garuga pinnata ,90.8,28.9,0.065600255,14.4997667,108.5758056,A15
58,Cóc đá,Garuga pinnata ,57.3,18.24,0.026124204,14.4996722,108.5758052,A15
59,Cóc đá,Garuga pinnata ,56,17.82,0.02495226,14.4997738,108.5757984,A15
60,Cóc đá,Garuga pinnata ,82.3,26.19,0.053893141,14.4996494,108.5757698,A15
61,Cóc đá,Garuga pinnata ,81.5,25.94,0.052850493,14.4999717,108.575659,A15
62,Cóc đá,Garuga pinnata ,76.5,24.35,0.046564688,14.49976676,108.5757676,A15
63,Cóc đá,Garuga pinnata ,64,20.37,0.032590707,14.4997054,108.5756417,A15
64,Cóc đá,Garuga pinnata ,59.6,18.97,0.028263526,14.4997332,108.5756415,A15
65,Cóc đá,Garuga pinnata ,120,38.19,0.114576703,14.4998539,108.5756397,A15
66,Cóc đá,Garuga pinnata ,74.6,23.74,0.044280395,14.5000544,108.575637,A15
67,Cóc đá,Garuga pinnata ,96.4,30.68,0.073941439,14.4993843,108.5756234,A15
68,Cóc đá,Garuga pinnata ,129.4,41.18,0.133230108,14.4992604,108.5755865,A15
69,Cóc đá,Garuga pinnata ,196.4,62.51,0.306914067,14.4995727,108.5754971,A15
70,Côm,Elaeocarpus Sp,51.3,16.33,0.020939609,14.499834,108.57636,A16
71,Côm,Elaeocarpus Sp,72.8,23.17,0.042169319,14.499366,108.57596,A16
72,Côm,Elaeocarpus Sp,53.6,17.06,0.022859325,14.499383,108.5758569,A16
73,Côm,Elaeocarpus Sp,37.5,11.94,0.011189131,14.4997478,108.5757708,A16
74,Côm,Elaeocarpus Sp,60.4,19.22,0.029027371,14.4998289,108.5756754,A16
75,Côm,Elaeocarpus Sp,70,22.28,0.038987906,14.4998394,108.5756656,A16
76,Côm,Elaeocarpus Sp,168,53.47,0.224570337,14.4999862,108.5756283,A16
77,Côm,Elaeocarpus Sp,65.6,20.88,0.034240611,14.4998602,108.5756034,A16
78,Côm,Elaeocarpus Sp,77,24.51,0.047175366,14.4999133,108.5755167,A16
79,Côm đăklăk,Elaeocarpus darlacensis,32,10.18,0.008147677,14.50001,108.576357,A17
80,Côm đăklăk,Elaeocarpus darlacensis,55,17.5,0.024069064,14.49931,108.576162,A17
81,Côm đăklăk,Elaeocarpus darlacensis,55.4,17.63,0.024420433,14.499851,108.576144,A17
82,Côm đăklăk,Elaeocarpus darlacensis,220,70.02,0.385105029,14.4997178,108.5756629,A17
83,Côm lá kèm,Elaeocarpus stipularis,81.4,25.91,0.052720878,14.499765,108.576422,A18
84,Côm lá kèm,Elaeocarpus stipularis,101.8,32.4,0.082457352,14.499302,108.5764,A18
85,Côm lá kèm,Elaeocarpus stipularis,48.2,15.34,0.01848536,14.499427,108.576372,A18
86,Côm lá kèm,Elaeocarpus stipularis,124.6,39.66,0.123529281,14.499345,108.576338,A18
87,Côm lá kèm,Elaeocarpus stipularis,84,26.73,0.056142584,14.499417,108.576299,A18
88,Côm lá kèm,Elaeocarpus stipularis,98.7,31.41,0.077511856,14.499572,108.576271,A18
89,Côm lá kèm,Elaeocarpus stipularis,91,28.96,0.065889561,14.499564,108.576197,A18
90,Côm lá kèm,Elaeocarpus stipularis,97.4,31,0.07548345,14.500117,108.576191,A18
91,Côm lá kèm,Elaeocarpus stipularis,112,35.65,0.099809039,14.499847,108.576172,A18
92,Côm lá kèm,Elaeocarpus stipularis,114.4,36.41,0.1041324,14.499285,108.576157,A18
93,Côm lá kèm,Elaeocarpus stipularis,140.5,44.72,0.157067553,14.499379,108.576152,A18
94,Côm lá kèm,Elaeocarpus stipularis,175,55.7,0.243674411,14.499894,108.576045,A18
95,Côm lá kèm,Elaeocarpus stipularis,125.2,39.85,0.124721833,14.5001153,108.5759302,A18
96,Côm lá kèm,Elaeocarpus stipularis,89,28.33,0.063025143,14.4998687,108.5757875,A18
97,Côm lá kèm,Elaeocarpus stipularis,152,48.38,0.183831954,14.4996824,108.5756875,A18
98,Côm lá kèm,Elaeocarpus stipularis,192,61.11,0.293316359,14.4992666,108.5756808,A18
99,Côm lá kèm,Elaeocarpus stipularis,105,33.42,0.087722788,14.4993622,108.57567,A18
100,Côm lá kèm,Elaeocarpus stipularis,138.5,44.08,0.152627705,14.4993099,108.575653,A18
101,Côm lá kèm,Elaeocarpus stipularis,113,35.96,0.1015993,14.4997899,108.5755657,A18
102,Côm trâu,Elaeocarpus sylvestris ,49,15.6,0.019104074,14.49985,108.576074,A19
103,Bứa lá nhỏ,Garcinia Sp,30.5,9.71,0.007401735,14.499806,108.576392,A2
104,Bứa lá nhỏ,Garcinia Sp,51.5,16.39,0.021103199,14.501686,108.576387,A2
105,Bứa lá nhỏ,Garcinia Sp,31.3,9.96,0.007795115,14.499376,108.575746,A2
106,Bứa lá nhỏ,Garcinia Sp,57.6,18.33,0.026398472,14.49934,108.575726,A2
107,Bứa lá nhỏ,Garcinia Sp,40.5,12.89,0.013051003,14.499408,108.575994,A2
108,Bứa lá nhỏ,Garcinia Sp,40,12.73,0.012730745,14.499276,108.575989,A2
109,Bứa lá nhỏ,Garcinia Sp,48,15.28,0.018332272,14.499951,108.575904,A2
110,Bứa lá nhỏ,Garcinia Sp,50.5,16.07,0.020291614,14.4997553,108.5758645,A2
111,Bứa lá nhỏ,Garcinia Sp,39,12.41,0.012102164,14.5001154,108.5758456,A2
112,Bứa lá nhỏ,Garcinia Sp,44,14,0.015404201,14.4997659,108.5758084,A2
113,Bứa lá nhỏ,Garcinia Sp,40.5,12.89,0.013051003,14.4997315,108.5756528,A2
114,Còng tía,Calophyllum saigonense,34,10.82,0.009197963,14.499707,108.57647,A20
115,Còng tía,Calophyllum saigonense,36.2,11.52,0.010426798,14.499357,108.576451,A20
116,Còng tía,Calophyllum saigonense,31,9.87,0.007646404,14.499644,108.576448,A20
117,Còng tía,Calophyllum saigonense,33,10.5,0.008664863,14.503367,108.576438,A20
118,Còng tía,Calophyllum saigonense,30.5,9.71,0.007401735,14.499727,108.57643,A20
119,Còng tía,Calophyllum saigonense,37.8,12.03,0.011368873,14.499734,108.576422,A20
120,Còng tía,Calophyllum saigonense,44.6,14.19,0.01582718,14.499765,108.576412,A20
121,Còng tía,Calophyllum saigonense,39.6,12.6,0.012477403,14.499786,108.576406,A20
122,Còng tía,Calophyllum saigonense,47.5,15.12,0.017952339,14.500001,108.576405,A20
123,Còng tía,Calophyllum saigonense,34.5,10.98,0.009470481,14.499352,108.576396,A20
124,Còng tía,Calophyllum saigonense,53.5,17.03,0.022774109,14.499379,108.576393,A20
125,Còng tía,Calophyllum saigonense,52.2,16.61,0.021680777,14.499858,108.576392,A20
126,Còng tía,Calophyllum saigonense,39.6,12.6,0.012477403,14.502178,108.576391,A20
127,Còng tía,Calophyllum saigonense,40.4,12.86,0.012986633,14.501686,108.576387,A20
128,Còng tía,Calophyllum saigonense,33.8,10.76,0.00909007,14.499356,108.576384,A20
129,Còng tía,Calophyllum saigonense,64.4,20.5,0.032999363,14.49979,108.57638,A20
130,Còng tía,Calophyllum saigonense,50.4,16.04,0.02021133,14.500153,108.576372,A20
131,Còng tía,Calophyllum saigonense,32,10.18,0.008147677,14.499992,108.576366,A20
132,Còng tía,Calophyllum saigonense,40.2,12.79,0.01285837,14.499379,108.576356,A20
133,Còng tía,Calophyllum saigonense,38,12.09,0.011489497,14.500005,108.576349,A20
134,Còng tía,Calophyllum saigonense,68.9,21.93,0.037772199,14.499411,108.576338,A20
135,Còng tía,Calophyllum saigonense,82,26.1,0.053500955,14.499345,108.576338,A20
136,Còng tía,Calophyllum saigonense,33.5,10.66,0.008929424,14.500398,108.576333,A20
137,Còng tía,Calophyllum saigonense,45,14.32,0.016112349,14.499733,108.576331,A20
138,Còng tía,Calophyllum saigonense,74,23.55,0.043570974,14.49983,108.576328,A20
139,Còng tía,Calophyllum saigonense,43.5,13.84,0.015056095,14.499699,108.576321,A20
140,Còng tía,Calophyllum saigonense,48,15.28,0.018332272,14.499588,108.576309,A20
141,Còng tía,Calophyllum saigonense,42,13.37,0.014035646,14.503647,108.576292,A20
142,Còng tía,Calophyllum saigonense,33.5,10.66,0.008929424,14.499521,108.576288,A20
143,Còng tía,Calophyllum saigonense,40.6,12.92,0.013115532,14.499641,108.576284,A20
144,Còng tía,Calophyllum saigonense,44.2,14.07,0.015544558,14.499198,108.575865,A20
145,Còng tía,Calophyllum saigonense,35.5,11.3,0.010027451,14.499377,108.575813,A20
146,Còng tía,Calophyllum saigonense,53.3,16.96,0.022604153,14.499301,108.575813,A20
147,Còng tía,Calophyllum saigonense,36,11.46,0.010311903,14.499278,108.575781,A20
148,Còng tía,Calophyllum saigonense,34.8,11.08,0.009635901,14.499287,108.575761,A20
149,Còng tía,Calophyllum saigonense,52.8,16.8,0.02218205,14.499278,108.575727,A20
150,Còng tía,Calophyllum saigonense,53.5,17.03,0.022774109,14.499291,108.575724,A20
151,Còng tía,Calophyllum saigonense,61.5,19.57,0.030094287,14.499856,108.576258,A20
152,Còng tía,Calophyllum saigonense,57,18.14,0.025851369,14.499856,108.576258,A20
153,Còng tía,Calophyllum saigonense,107.5,34.21,0.091949793,14.499455,108.576243,A20
154,Còng tía,Calophyllum saigonense,48.3,15.37,0.018562142,14.499949,108.576215,A20
155,Còng tía,Calophyllum saigonense,88.5,28.17,0.062318985,14.499363,108.5762,A20
156,Còng tía,Calophyllum saigonense,96,30.55,0.07332909,14.49984,108.576192,A20
157,Còng tía,Calophyllum saigonense,37.4,11.9,0.011129535,14.499707,108.576168,A20
158,Còng tía,Calophyllum saigonense,32,10.18,0.008147677,14.49931,108.576162,A20
159,Còng tía,Calophyllum saigonense,51.6,16.42,0.021185232,14.500142,108.576159,A20
160,Còng tía,Calophyllum saigonense,52.5,16.71,0.021930697,14.499633,108.576149,A20
161,Còng tía,Calophyllum saigonense,37.6,11.97,0.011248886,14.499881,108.576143,A20
162,Còng tía,Calophyllum saigonense,45.6,14.51,0.016544876,14.49938,108.576135,A20
163,Còng tía,Calophyllum saigonense,49.5,15.75,0.019495942,14.499905,108.576114,A20
164,Còng tía,Calophyllum saigonense,54.2,17.25,0.023373966,14.499407,108.576093,A20
165,Còng tía,Calophyllum saigonense,43.6,13.88,0.015125398,14.499635,108.576087,A20
166,Còng tía,Calophyllum saigonense,65.7,20.91,0.034345083,14.5000666,108.576072,A20
167,Còng tía,Calophyllum saigonense,45,14.32,0.016112349,14.499227,108.576069,A20
168,Còng tía,Calophyllum saigonense,63,20.05,0.031580204,14.500094,108.5760666,A20
169,Còng tía,Calophyllum saigonense,88.5,28.17,0.062318985,14.499365,108.576017,A20
170,Còng tía,Calophyllum saigonense,74,23.55,0.043570974,14.49993,108.576015,A20
171,Còng tía,Calophyllum saigonense,47.5,15.12,0.017952339,14.5001643,108.5760045,A20
172,Còng tía,Calophyllum saigonense,40,12.73,0.012730745,14.499416,108.576001,A20
173,Còng tía,Calophyllum saigonense,42.5,13.53,0.014371817,14.499606,108.575996,A20
174,Còng tía,Calophyllum saigonense,42.8,13.62,0.01457543,14.499429,108.575996,A20
175,Còng tía,Calophyllum saigonense,46.4,14.77,0.01713049,14.499739,108.575991,A20
176,Còng tía,Calophyllum saigonense,44.4,14.13,0.015685551,14.499739,108.575991,A20
177,Còng tía,Calophyllum saigonense,63,20.05,0.031580204,14.499528,108.575987,A20
178,Còng tía,Calophyllum saigonense,66.4,21.13,0.03508084,14.499424,108.575983,A20
179,Còng tía,Calophyllum saigonense,51.8,16.49,0.021349777,14.499364,108.575972,A20
180,Còng tía,Calophyllum saigonense,47.5,15.12,0.017952339,14.49966,108.575958,A20
181,Còng tía,Calophyllum saigonense,76.7,24.41,0.046808482,14.499345,108.575958,A20
182,Còng tía,Calophyllum saigonense,69,21.96,0.037881922,14.499477,108.575924,A20
183,Còng tía,Calophyllum saigonense,53.5,17.03,0.022774109,14.499855,108.575923,A20
184,Còng tía,Calophyllum saigonense,48.8,15.53,0.01894844,14.499766,108.57592,A20
185,Còng tía,Calophyllum saigonense,57,18.14,0.025851369,14.499355,108.575914,A20
186,Còng tía,Calophyllum saigonense,67,21.32,0.035717696,14.499352,108.575911,A20
187,Còng tía,Calophyllum saigonense,63,20.05,0.031580204,14.499794,108.575905,A20
188,Còng tía,Calophyllum saigonense,53.7,17.09,0.022944701,14.499693,108.575902,A20
189,Còng tía,Calophyllum saigonense,71.4,22.72,0.040563017,14.499957,108.575898,A20
190,Còng tía,Calophyllum saigonense,90.4,28.77,0.065023552,14.500015,108.5758952,A20
191,Còng tía,Calophyllum saigonense,43.5,13.84,0.015056095,14.5000758,108.5758935,A20
192,Còng tía,Calophyllum saigonense,59,18.78,0.027697327,14.499922,108.575884,A20
193,Còng tía,Calophyllum saigonense,44,14,0.015404201,14.49929,108.575883,A20
194,Còng tía,Calophyllum saigonense,53.5,17.03,0.022774109,14.49929,108.575883,A20
195,Còng tía,Calophyllum saigonense,41,13.05,0.013375239,14.49976,108.575879,A20
196,Còng tía,Calophyllum saigonense,75.5,24.03,0.045355267,14.4997553,108.5758645,A20
197,Còng tía,Calophyllum saigonense,55.4,17.63,0.024420433,14.499376,108.5758564,A20
198,Còng tía,Calophyllum saigonense,44.5,14.16,0.015756286,14.4993888,108.5758532,A20
199,Còng tía,Calophyllum saigonense,50,15.91,0.019891789,14.499352,108.5758489,A20
200,Còng tía,Calophyllum saigonense,55.7,17.73,0.02468563,14.5000061,108.5758439,A20
201,Còng tía,Calophyllum saigonense,68.2,21.71,0.037008593,14.4999738,108.5758327,A20
202,Còng tía,Calophyllum saigonense,43,13.69,0.014711967,14.4996898,108.5758309,A20
203,Còng tía,Calophyllum saigonense,96.4,30.68,0.073941439,14.4995613,108.5758284,A20
204,Còng tía,Calophyllum saigonense,90.5,28.8,0.065167489,14.49943,108.57582,A20
205,Còng tía,Calophyllum saigonense,54.5,17.35,0.023633434,14.4996958,108.5758176,A20
206,Còng tía,Calophyllum saigonense,51.6,16.42,0.021185232,14.4997657,108.5758048,A20
207,Còng tía,Calophyllum saigonense,61,19.41,0.029606938,14.4997657,108.5758046,A20
208,Còng tía,Calophyllum saigonense,44.5,14.16,0.015756286,14.499418,108.5757971,A20
209,Còng tía,Calophyllum saigonense,51.8,16.49,0.021349777,14.4996614,108.575784,A20
210,Còng tía,Calophyllum saigonense,75,23.87,0.044756525,14.4998867,108.5757819,A20
211,Còng tía,Calophyllum saigonense,66.5,21.16,0.035186585,14.4996815,108.5757771,A20
212,Còng tía,Calophyllum saigonense,56,17.82,0.02495226,14.4996519,108.5757589,A20
213,Còng tía,Calophyllum saigonense,71,22.6,0.040109803,14.500013,108.5757337,A20
214,Còng tía,Calophyllum saigonense,52.8,16.8,0.02218205,14.499975,108.5757252,A20
215,Còng tía,Calophyllum saigonense,53.5,17.03,0.022774109,14.5000226,108.5757173,A20
216,Còng tía,Calophyllum saigonense,72,22.92,0.041247613,14.4993785,108.5756979,A20
217,Còng tía,Calophyllum saigonense,81.6,25.97,0.052980267,14.5000132,108.5756936,A20
218,Còng tía,Calophyllum saigonense,92.5,29.44,0.068079647,14.4999906,108.5756907,A20
219,Còng tía,Calophyllum saigonense,87.7,27.91,0.061197406,14.4994921,108.5756901,A20
220,Còng tía,Calophyllum saigonense,61.8,19.67,0.030388606,14.4999386,108.5756893,A20
221,Còng tía,Calophyllum saigonense,45.7,14.54,0.016617521,14.4999386,108.5756893,A20
222,Còng tía,Calophyllum saigonense,57,18.14,0.025851369,14.4998376,108.5756747,A20
223,Còng tía,Calophyllum saigonense,61,19.41,0.029606938,14.4999771,108.5756499,A20
224,Còng tía,Calophyllum saigonense,86.5,27.53,0.059534134,14.4996669,108.5756498,A20
225,Còng tía,Calophyllum saigonense,75,23.87,0.044756525,14.499847,108.5756481,A20
226,Còng tía,Calophyllum saigonense,68,21.64,0.036791852,14.499943,108.5756478,A20
227,Còng tía,Calophyllum saigonense,74.8,23.81,0.044518141,14.4999863,108.5756462,A20
228,Còng tía,Calophyllum saigonense,80,25.46,0.050922979,14.4998395,108.5756456,A20
229,Còng tía,Calophyllum saigonense,60.8,19.35,0.029413113,14.4997019,108.5756371,A20
230,Còng tía,Calophyllum saigonense,48.5,15.44,0.018716184,14.4994314,108.575623,A20
231,Còng tía,Calophyllum saigonense,67.7,21.55,0.036467934,14.4997121,108.5755998,A20
232,Còng tía,Calophyllum saigonense,145.5,46.31,0.168445656,14.5000483,108.5755948,A20
233,Còng tía,Calophyllum saigonense,59.5,18.94,0.028168762,14.5001336,108.57558,A20
234,Còng tía,Calophyllum saigonense,53,16.87,0.022350414,14.4992555,108.5755647,A20
235,Còng tía,Calophyllum saigonense,76,24.19,0.045957989,14.4997533,108.5755613,A20
236,Còng tía,Calophyllum saigonense,90.5,28.8,0.065167489,14.4996565,108.5755587,A20
237,Còng tía,Calophyllum saigonense,81,25.78,0.05220401,14.4998983,108.5755556,A20
238,Còng tía,Calophyllum saigonense,76,24.19,0.045957989,14.4997781,108.5755552,A20
239,Còng tía,Calophyllum saigonense,58.8,18.71,0.027509866,14.4998333,108.5755495,A20
240,Còng tía,Calophyllum saigonense,89,28.33,0.063025143,14.4996052,108.5755352,A20
241,Còng tía,Calophyllum saigonense,73,23.23,0.042401337,14.4996199,108.5755164,A20
242,Còng tía,Calophyllum saigonense,35,11.14,0.009746976,14.4993533,108.5754748,A20
243,Đa hương,Polyosma Sp,41.4,13.18,0.013637492,14.499278,108.576399,A21
244,Đa hương,Polyosma Sp,35.4,11.27,0.009971038,14.499314,108.576393,A21
245,Đa hương,Polyosma Sp,45.5,14.48,0.01647239,14.499397,108.576386,A21
246,Đa hương,Polyosma Sp,70.2,22.34,0.039211012,14.499309,108.575835,A21
247,Đa hương,Polyosma Sp,52.5,16.71,0.021930697,14.499198,108.575825,A21
248,Đa hương,Polyosma Sp,86.4,27.5,0.059396563,14.499343,108.575768,A21
249,Đa hương,Polyosma Sp,82.8,26.35,0.054549968,14.49921,108.575756,A21
250,Đa hương,Polyosma Sp,40,12.73,0.012730745,14.499597,108.576255,A21
251,Đa hương,Polyosma Sp,31.5,10.03,0.007895051,14.499919,108.57623,A21
252,Đa hương,Polyosma Sp,70,22.28,0.038987906,14.499396,108.576207,A21
253,Đa hương,Polyosma Sp,51.2,16.3,0.020858052,14.499424,108.576147,A21
254,Đa hương,Polyosma Sp,63.9,20.34,0.03248894,14.49938,108.576135,A21
255,Đa hương,Polyosma Sp,68,21.64,0.036791852,14.499363,108.576112,A21
256,Đa hương,Polyosma Sp,45,14.32,0.016112349,14.499464,108.576081,A21
257,Đa hương,Polyosma Sp,44.6,14.19,0.01582718,14.499228,108.576055,A21
258,Đa hương,Polyosma Sp,85.6,27.24,0.058301719,14.499517,108.576044,A21
259,Đa hương,Polyosma Sp,81.5,25.94,0.052850493,14.499369,108.576014,A21
260,Đa hương,Polyosma Sp,125,39.78,0.124323679,14.499546,108.57595,A21
261,Đa hương,Polyosma Sp,99,31.51,0.077983768,14.499334,108.575915,A21
262,Đa hương,Polyosma Sp,74.4,23.68,0.044043285,14.499688,108.575907,A21
263,Đa hương,Polyosma Sp,74,23.55,0.043570974,14.4994866,108.5758412,A21
264,Đa hương,Polyosma Sp,78,24.82,0.048408657,14.5000233,108.5758191,A21
265,Đa hương,Polyosma Sp,112.6,35.84,0.100881286,14.499494,108.5757929,A21
266,Đa hương,Polyosma Sp,86.4,27.5,0.059396563,14.4997186,108.5757858,A21
267,Đa hương,Polyosma Sp,42.5,13.53,0.014371817,14.4995382,108.5757843,A21
268,Đa hương,Polyosma Sp,93.5,29.76,0.069559596,14.4994353,108.5757812,A21
269,Đa hương,Polyosma Sp,105,33.42,0.087722788,14.4992829,108.5756876,A21
270,Đa hương,Polyosma Sp,78.5,24.98,0.04903127,14.5000947,108.575683,A21
271,Đa hương,Polyosma Sp,92.5,29.44,0.068079647,14.4994358,108.5756781,A21
272,Đa hương,Polyosma Sp,67.5,21.48,0.036252785,14.4994358,108.5756781,A21
273,Đa hương,Polyosma Sp,105,33.42,0.087722788,14.5000366,108.5756674,A21
274,Đa hương,Polyosma Sp,105,33.42,0.087722788,14.499943,108.5756478,A21
275,Đa hương,Polyosma Sp,92.5,29.44,0.068079647,14.4997121,108.5755998,A21
276,Đa hương,Polyosma Sp,98,31.19,0.076416295,14.5001024,108.5755643,A21
277,Đa hương,Polyosma Sp,115,36.6,0.105227562,14.499508,108.5755324,A21
278,Dâu da đất,Baccaurea ramiflora ,38.5,12.25,0.011793842,14.4999,108.576561,A22
279,Dâu da đất,Baccaurea ramiflora ,39.5,12.57,0.012414465,14.499214,108.575767,A22
280,Dâu da đất,Baccaurea ramiflora ,40.5,12.89,0.013051003,14.499322,108.575766,A22
281,Dâu da đất,Baccaurea ramiflora ,64.4,20.5,0.032999363,14.499978,108.576256,A22
282,Dâu da đất,Baccaurea ramiflora ,49,15.6,0.019104074,14.49971,108.57617,A22
283,Dâu da đất,Baccaurea ramiflora ,57,18.14,0.025851369,14.499964,108.576166,A22
284,Dâu da đất,Baccaurea ramiflora ,48.3,15.37,0.018562142,14.499755,108.576068,A22
285,Dâu da đất,Baccaurea ramiflora ,33.3,10.6,0.008823122,14.4999665,108.5760457,A22
286,Dâu da đất,Baccaurea ramiflora ,36.5,11.62,0.010600334,14.5000543,108.5760021,A22
287,Dâu da đất,Baccaurea ramiflora ,32,10.18,0.008147677,14.499618,108.575881,A22
288,Dâu da đất,Baccaurea ramiflora ,57.5,18.3,0.026306891,14.4995164,108.5758142,A22
289,Dâu da đất,Baccaurea ramiflora ,53,16.87,0.022350414,14.4994948,108.5757833,A22
290,Dâu da đất,Baccaurea ramiflora ,64.5,20.53,0.033101926,14.499706,108.5757025,A22
291,Dâu da đất,Baccaurea ramiflora ,50.4,16.04,0.02021133,14.4994358,108.5756781,A22
292,Dâu da đất,Baccaurea ramiflora ,58.5,18.62,0.02722987,14.4995119,108.5756635,A22
293,Dâu da đất,Baccaurea ramiflora ,42.4,13.49,0.014304265,14.4993026,108.575651,A22
294,Dâu da đất,Baccaurea ramiflora ,95,30.24,0.071809357,14.4992602,108.5755876,A22
295,Dâu da đất,Baccaurea ramiflora ,64.5,20.53,0.033101926,14.4992151,108.5755661,A22
296,Dâu da đất,Baccaurea ramiflora ,32.9,10.47,0.008612428,14.499382,108.576388,A22
297,Dẻ gai lá to,Castanopsis Sp 1,129.5,41.22,0.133436108,14.499876,108.576144,A24
298,Dẻ mũi mác,Castanopsis Sp 2,32.5,10.34,0.008404281,14.4998756,108.5758375,A25
299,Dẻ mũi mác,Castanopsis Sp 2,98.6,31.38,0.07735487,14.4999056,108.5755205,A25
300,Dẻ the,Lithocarpus magneinii ,67.2,21.39,0.035931254,14.499978,108.576035,A26
301,Dẻ the,Lithocarpus magneinii ,128.5,40.9,0.131383275,14.4998455,108.5758788,A26
302,Dung,Syplocos racemosa ,46,14.64,0.01683641,14.499655,108.576435,A27
303,Dung,Syplocos racemosa ,35,11.14,0.009746976,14.499904,108.576424,A27
304,Dung,Syplocos racemosa ,35.4,11.27,0.009971038,14.499652,108.576402,A27
305,Dung,Syplocos racemosa ,33,10.5,0.008664863,14.499588,108.576309,A27
306,Dung,Syplocos racemosa ,33.6,10.69,0.008982813,14.499401,108.57628,A27
307,Dung,Syplocos racemosa ,33,10.5,0.008664863,14.499313,108.575855,A27
308,Dung,Syplocos racemosa ,42.6,13.56,0.014439529,14.499349,108.575724,A27
309,Dung,Syplocos racemosa ,36.5,11.62,0.010600334,14.50004,108.576257,A27
310,Dung,Syplocos racemosa ,50,15.91,0.019891789,14.499326,108.576177,A27
311,Dung,Syplocos racemosa ,52.5,16.71,0.021930697,14.499286,108.57617,A27
312,Dung,Syplocos racemosa ,42,13.37,0.014035646,14.499708,108.57612,A27
313,Dung,Syplocos racemosa ,37,11.78,0.010892743,14.49923,108.576055,A27
314,Dung,Syplocos racemosa ,34.5,10.98,0.009470481,14.499593,108.576046,A27
315,Dung,Syplocos racemosa ,73,23.23,0.042401337,14.5000637,108.5760009,A27
316,Dung,Syplocos racemosa ,42.5,13.53,0.014371817,14.4999802,108.5759675,A27
317,Dung,Syplocos racemosa ,40.5,12.89,0.013051003,14.5001236,108.5759468,A27
318,Dung,Syplocos racemosa ,56.5,17.98,0.025399825,14.49949,108.575944,A27
319,Dung,Syplocos racemosa ,52,16.55,0.021514959,14.499627,108.57593,A27
320,Dung,Syplocos racemosa ,37.6,11.97,0.011248886,14.499547,108.575928,A27
321,Dung,Syplocos racemosa ,22.4,7.13,0.003992362,14.499352,108.575911,A27
322,Dung,Syplocos racemosa ,61.5,19.57,0.030094287,14.4997186,108.5757858,A27
323,Dung,Syplocos racemosa ,38,12.09,0.011489497,14.4995889,108.5756705,A27
324,Dung,Syplocos racemosa ,80.5,25.62,0.051561505,14.4999785,108.5755766,A27
325,Dung lá lớn,Sp 2,34,10.82,0.009197963,14.499655,108.576361,A28
326,Găng,Sp 3,36,11.46,0.010311903,14.499993,108.576363,A29
327,Bùi,Ilex Sp,30.5,9.71,0.007401735,14.503472,108.576377,A3
328,Bùi,Ilex Sp,33,10.5,0.008664863,14.499502,108.576154,A3
329,Bùi,Ilex Sp,112,35.65,0.099809039,14.5000969,108.576022,A3
330,Bùi,Ilex Sp,85.8,27.31,0.058574475,14.49966,108.575958,A3
331,Găng gai,Canthium horrium,30.9,9.83,0.007597151,14.499505,108.576384,A30
332,Găng gai,Canthium horrium,32,10.18,0.008147677,14.499675,108.576365,A30
333,Găng gai,Canthium horrium,36.6,11.65,0.010658498,14.499749,108.576347,A30
334,Găng gai,Canthium horrium,37,11.78,0.010892743,14.499739,108.576307,A30
335,Găng gai,Canthium horrium,42.5,13.53,0.014371817,14.499644,108.576298,A30
336,Găng gai,Canthium horrium,34.6,11.01,0.009525461,14.499922,108.576153,A30
337,Găng gai,Canthium horrium,74.3,23.65,0.043924968,14.4995637,108.5758356,A30
338,Găng gai,Canthium horrium,31.5,10.03,0.007895051,14.4998266,108.5756896,A30
339,Găng gai,Canthium horrium,42,13.37,0.014035646,14.4995053,108.5756644,A30
340,Găng gai,Canthium horrium,33,10.5,0.008664863,14.4995419,108.575608,A30
341,Găng gai,Canthium horrium,79.5,25.3,0.050288431,14.4992647,108.5755307,A30
342,Gáo,Neolamarckia cadamba,51.4,16.36,0.021021324,14.499631,108.575984,A31
343,Giang quảng đông,Fraxinus floribunda,32.4,10.31,0.008352642,14.499536,108.576122,A32
344,Giang quảng đông,Fraxinus floribunda,34.5,10.98,0.009470481,14.5000233,108.5758191,A32
345,Giổi nhung,Michelia faveolata,69.3,22.06,0.038212046,14.499644,108.576088,A33
346,Giổi nhung,Michelia faveolata,90.5,28.8,0.065167489,14.4998888,108.5755815,A33
347,Giổi xanh,Magnolia mediocris ,57.3,18.24,0.026124204,14.501043,108.576435,A34
348,Giổi xanh,Magnolia mediocris ,60.8,19.35,0.029413113,14.499607,108.576387,A34
349,Giổi xanh,Magnolia mediocris ,30.5,9.71,0.007401735,14.499675,108.576365,A34
350,Giổi xanh,Magnolia mediocris ,109.6,34.88,0.095577339,14.499335,108.576358,A34
351,Giổi xanh,Magnolia mediocris ,40,12.73,0.012730745,14.4999,108.576343,A34
352,Giổi xanh,Magnolia mediocris ,139.5,44.4,0.154839672,14.499928,108.576322,A34
353,Giổi xanh,Magnolia mediocris ,63.9,20.34,0.03248894,14.499572,108.576271,A34
354,Giổi xanh,Magnolia mediocris ,46.5,14.8,0.017204408,14.499265,108.575854,A34
355,Giổi xanh,Magnolia mediocris ,106,33.74,0.089401655,14.499393,108.575851,A34
356,Giổi xanh,Magnolia mediocris ,93.7,29.82,0.069857495,14.499447,108.576192,A34
357,Giổi xanh,Magnolia mediocris ,108.8,34.63,0.094187142,14.499468,108.576156,A34
358,Giổi xanh,Magnolia mediocris ,53.5,17.03,0.022774109,14.500192,108.576064,A34
359,Giổi xanh,Magnolia mediocris ,70.5,22.44,0.039546865,14.5000956,108.5760415,A34
360,Giổi xanh,Magnolia mediocris ,103.7,33,0.085564052,14.5000848,108.5760285,A34
361,Giổi xanh,Magnolia mediocris ,89.5,28.49,0.06373528,14.500074,108.5760155,A34
362,Giổi xanh,Magnolia mediocris ,236.5,75.27,0.445036999,14.499411,108.575997,A34
363,Giổi xanh,Magnolia mediocris ,81.5,25.94,0.052850493,14.499276,108.575989,A34
364,Giổi xanh,Magnolia mediocris ,185,58.88,0.272318587,14.499734,108.575931,A34
365,Giổi xanh,Magnolia mediocris ,101.5,32.3,0.081972072,14.499623,108.575922,A34
366,Giổi xanh,Magnolia mediocris ,127,40.42,0.128333864,14.499976,108.575897,A34
367,Giổi xanh,Magnolia mediocris ,203.4,64.74,0.329181731,14.5000216,108.5758398,A34
368,Giổi xanh,Magnolia mediocris ,74.6,23.74,0.044280395,14.5000287,108.5758112,A34
369,Giổi xanh,Magnolia mediocris ,123,39.15,0.120377148,14.4996775,108.5758036,A34
370,Giổi xanh,Magnolia mediocris ,31.5,10.03,0.007895051,14.4994286,108.5757623,A34
371,Giổi xanh,Magnolia mediocris ,123,39.15,0.120377148,14.5001109,108.5757566,A34
372,Giổi xanh,Magnolia mediocris ,69.3,22.06,0.038212046,14.500013,108.5757337,A34
373,Giổi xanh,Magnolia mediocris ,136.5,43.44,0.148251512,14.4994921,108.5756901,A34
374,Giổi xanh,Magnolia mediocris ,236.5,75.27,0.445036999,14.4997535,108.5756831,A34
375,Giổi xanh,Magnolia mediocris ,246.3,78.39,0.482683721,14.499501,108.5756604,A34
376,Giổi xanh,Magnolia mediocris ,150,47.74,0.179026098,14.4992552,108.5756491,A34
377,Giổi xanh,Magnolia mediocris ,128,40.74,0.130362826,14.499838,108.5755765,A34
378,Giổi xanh,Magnolia mediocris ,198.5,63.18,0.313512492,14.4995984,108.5755472,A34
379,Gò đồng nách,Gordonia axillaris,40.8,12.99,0.013245067,14.499312,108.576382,A35
380,Gò đồng nách,Gordonia axillaris,52.5,16.71,0.021930697,14.499319,108.576184,A35
381,Gò đồng nách,Gordonia axillaris,124.8,39.72,0.123926162,14.5001154,108.5758456,A35
382,Gò đồng nách,Gordonia axillaris,86.8,27.63,0.059947804,14.4996246,108.5757704,A35
383,Gò đồng nách,Gordonia axillaris,68.5,21.8,0.037334898,14.5001193,108.5757687,A35
384,Gội nếp,Aglaia spectabilis,34.3,10.92,0.009360996,14.4999382,108.5758197,A36
385,Gội nếp,Aglaia spectabilis,67,21.32,0.035717696,14.4997047,108.5757752,A36
386,Gội nếp,Aglaia spectabilis,68.5,21.8,0.037334898,14.5000289,108.5756865,A36
387,Gội nếp,Aglaia spectabilis,95.8,30.49,0.07302387,14.4993771,108.5756242,A36
388,Gội nếp,Aglaia spectabilis,59.4,18.91,0.028074157,14.4992231,108.5756167,A36
389,Gội nếp,Aglaia spectabilis,146.5,46.63,0.170769017,14.4993643,108.5755551,A36
390,Gội tẻ,Aglaia sp,50,15.91,0.019891789,14.499728,108.576431,A37
391,Gội tẻ,Aglaia sp,42,13.37,0.014035646,14.503367,108.576278,A37
392,Gội tẻ,Aglaia sp,102.5,32.62,0.083595242,14.499218,108.57611,A37
393,Gội tẻ,Aglaia sp,93,29.6,0.068817632,14.499593,108.576046,A37
394,Gội tẻ,Aglaia sp,67.8,21.58,0.036575748,14.499548,108.575892,A37
395,Gội tẻ,Aglaia sp,92.5,29.44,0.068079647,14.499982,108.575886,A37
396,Gội tẻ,Aglaia sp,84.6,26.93,0.056947486,14.499238,108.575873,A37
397,Gội tẻ,Aglaia sp,120.2,38.26,0.114958943,14.4996813,108.5758005,A37
398,Hoa khế,Craibiodendron scleranthum ,174.5,55.54,0.242283975,14.499939,108.576421,A38
399,Hoa khế,Craibiodendron scleranthum ,170,54.11,0.229949077,14.499609,108.576212,A38
400,Hoa khế,Craibiodendron scleranthum ,171.5,54.58,0.234024905,14.4998798,108.575813,A38
401,Hoắc quang,Wendlandia glabrata ,37.3,11.87,0.011070099,14.499474,108.576369,A39
402,Hoắc quang,Wendlandia glabrata ,32.6,10.38,0.008456079,14.499474,108.576369,A39
403,Hoắc quang,Wendlandia glabrata ,33,10.5,0.008664863,14.499467,108.57636,A39
404,Hoắc quang,Wendlandia glabrata ,39,12.41,0.012102164,14.499341,108.576323,A39
405,Hoắc quang,Wendlandia glabrata ,28.8,9.17,0.006599618,14.499499,108.5763,A39
406,Hoắc quang,Wendlandia glabrata ,37,11.78,0.010892743,14.499949,108.576215,A39
407,Hoắc quang,Wendlandia glabrata ,35.7,11.36,0.010140754,14.500099,108.576202,A39
408,Hoắc quang,Wendlandia glabrata ,38.5,12.25,0.011793842,14.500157,108.576078,A39
409,Hoắc quang,Wendlandia glabrata ,43,13.69,0.014711967,14.499449,108.576011,A39
410,Hoắc quang,Wendlandia glabrata ,56.5,17.98,0.025399825,14.5000624,108.5759945,A39
411,Hoắc quang,Wendlandia glabrata ,57.5,18.3,0.026306891,14.499979,108.5759713,A39
412,Hoắc quang,Wendlandia glabrata ,81.6,25.97,0.052980267,14.499982,108.575886,A39
413,Hoắc quang,Wendlandia glabrata ,50.2,15.98,0.020051241,14.4997185,108.5756768,A39
414,Hoắc quang,Wendlandia glabrata ,76.5,24.35,0.046564688,14.4997019,108.5756371,A39
415,Búi lửa,Mastixia arborea ,66.5,21.16,0.035186585,14.4994115,108.5757849,A4
416,Hồng,Diospyros kaki ,117.3,37.33,0.109478756,14.4998289,108.5756754,A40
417,Hồng bì rừng,Clausena excavata ,38.8,12.35,0.011978358,14.499431,108.5756124,A41
418,Hồng tùng,Dacrydium elatum ,34.9,11.11,0.009691359,14.499346,108.576379,A42
419,Hồng tùng,Dacrydium elatum ,83.9,26.7,0.056008991,14.499685,108.576358,A42
420,Hồng tùng,Dacrydium elatum ,101.5,32.3,0.081972072,14.499307,108.576339,A42
421,Hồng tùng,Dacrydium elatum ,50,15.91,0.019891789,14.499217,108.575825,A42
422,Hồng tùng,Dacrydium elatum ,129.5,41.22,0.133436108,14.499443,108.575812,A42
423,Hồng tùng,Dacrydium elatum ,145,46.15,0.167289943,14.499653,108.576271,A42
424,Hồng tùng,Dacrydium elatum ,67.5,21.48,0.036252785,14.499653,108.576271,A42
425,Hồng tùng,Dacrydium elatum ,114.5,36.44,0.104314529,14.49976,108.576245,A42
426,Hồng tùng,Dacrydium elatum ,59.6,18.97,0.028263526,14.499626,108.576217,A42
427,Hồng tùng,Dacrydium elatum ,138,43.92,0.151527689,14.499853,108.576214,A42
428,Hồng tùng,Dacrydium elatum ,162,51.56,0.208816041,14.499436,108.576136,A42
429,Hồng tùng,Dacrydium elatum ,66,21.01,0.034659453,14.49991,108.576129,A42
430,Hồng tùng,Dacrydium elatum ,137.3,43.7,0.149994351,14.499599,108.576122,A42
431,Hồng tùng,Dacrydium elatum ,93,29.6,0.068817632,14.499725,108.576116,A42
432,Hồng tùng,Dacrydium elatum ,66.8,21.26,0.035504774,14.499835,108.576072,A42
433,Hồng tùng,Dacrydium elatum ,86,27.37,0.058847868,14.499755,108.576068,A42
434,Hồng tùng,Dacrydium elatum ,125.5,39.94,0.125320258,14.499884,108.576053,A42
435,Hồng tùng,Dacrydium elatum ,203.6,64.8,0.329829408,14.499877,108.57592,A42
436,Hồng tùng,Dacrydium elatum ,180.3,57.38,0.258657623,14.499754,108.575908,A42
437,Hồng tùng,Dacrydium elatum ,170,54.11,0.229949077,14.499688,108.575907,A42
438,Hồng tùng,Dacrydium elatum ,82.3,26.19,0.053893141,14.499749,108.575876,A42
439,Hồng tùng,Dacrydium elatum ,197.3,62.79,0.30973337,14.4997594,108.5758703,A42
440,Hồng tùng,Dacrydium elatum ,79,25.14,0.049657861,14.4999983,108.5758625,A42
441,Hồng tùng,Dacrydium elatum ,212.5,67.63,0.359295433,14.4997081,108.5758606,A42
442,Hồng tùng,Dacrydium elatum ,176,56.02,0.246467218,14.4997004,108.5758524,A42
443,Hồng tùng,Dacrydium elatum ,195,62.06,0.302554106,14.4994985,108.5758469,A42
444,Hồng tùng,Dacrydium elatum ,188,59.83,0.281222151,14.4995151,108.5758423,A42
445,Hồng tùng,Dacrydium elatum ,225,71.61,0.402808721,14.4995613,108.5758284,A42
446,Hồng tùng,Dacrydium elatum ,100,31.83,0.079567155,14.4995634,108.5758277,A42
447,Hồng tùng,Dacrydium elatum ,147,46.79,0.171936665,14.4996583,108.5758249,A42
448,Hồng tùng,Dacrydium elatum ,163.5,52.04,0.212700907,14.49943,108.57582,A42
449,Hồng tùng,Dacrydium elatum ,180,57.29,0.257797581,14.4997738,108.5757984,A42
450,Hồng tùng,Dacrydium elatum ,135,42.97,0.145011139,14.4994888,108.5757937,A42
451,Hồng tùng,Dacrydium elatum ,203,64.61,0.327888288,14.5000328,108.5756975,A42
452,Hồng tùng,Dacrydium elatum ,161,51.24,0.206246022,14.4992378,108.5756882,A42
453,Hồng tùng,Dacrydium elatum ,159,50.6,0.201153724,14.4998543,108.5756375,A42
454,Hồng tùng,Dacrydium elatum ,205,65.25,0.334380968,14.4998333,108.5755495,A42
455,Hồng tùng,Dacrydium elatum ,166,52.83,0.219255251,14.4999056,108.5755205,A42
456,Kháo,Symplocos ferruguinea,44.5,14.16,0.015756286,14.499349,108.575712,A43
457,Kháo,Symplocos ferruguinea,34,10.82,0.009197963,14.499944,108.576015,A43
458,Kháo,Symplocos ferruguinea,73.3,23.33,0.042750557,14.499745,108.575983,A43
459,Kháo,Symplocos ferruguinea,62.5,19.89,0.03108092,14.499486,108.575946,A43
460,Kháo,Symplocos ferruguinea,67.4,21.45,0.036145449,14.4995047,108.575867,A43
461,Kháo,Symplocos ferruguinea,45.5,14.48,0.01647239,14.499967,108.5758087,A43
462,Kháo,Symplocos ferruguinea,50.5,16.07,0.020291614,14.4998349,108.5756409,A43
463,Kháo,Symplocos ferruguinea,106.5,33.9,0.090247056,14.5000571,108.5755462,A43
464,Lấu,Psychotria Sp,40.8,12.99,0.013245067,14.499958,108.576426,A44
465,Liên đằng,Illigera Sp,47,14.96,0.017576384,14.499452,108.576365,A45
466,Liên đằng,Illigera Sp,104,33.1,0.086059835,14.49958,108.57623,A45
467,Mạ sưa,Helicia obovatifolia ,45.5,14.48,0.01647239,14.500259,108.576366,A46
468,Mạ sưa,Helicia obovatifolia ,57.5,18.3,0.026306891,14.499742,108.576163,A46
469,Mạ sưa,Helicia obovatifolia ,50,15.91,0.019891789,14.5000563,108.5760912,A46
470,Mạ sưa,Helicia obovatifolia ,53.2,16.93,0.022519414,14.499822,108.57604,A46
471,Mạ sưa,Helicia obovatifolia ,69.5,22.12,0.038432925,14.5000758,108.5758935,A46
472,Mãi táp,Aidia oxyodonta ,39.4,12.54,0.012351687,14.49989,108.576404,A47
473,Mãi táp,Aidia oxyodonta ,57.2,18.2,0.0260331,14.499712,108.576356,A47
474,Mãi táp,Aidia oxyodonta ,39.2,12.48,0.012226607,14.499946,108.576342,A47
475,Mãi táp,Aidia oxyodonta ,57,18.14,0.025851369,14.499548,108.576268,A47
476,Mãi táp,Aidia oxyodonta ,38.6,12.29,0.011855188,14.499949,108.576215,A47
477,Mãi táp,Aidia oxyodonta ,33.8,10.76,0.00909007,14.499832,108.576199,A47
478,Mãi táp,Aidia oxyodonta ,32.6,10.38,0.008456079,14.499844,108.576181,A47
479,Mãi táp,Aidia oxyodonta ,33.2,10.57,0.00877021,14.499589,108.576003,A47
480,Mãi táp,Aidia oxyodonta ,56.3,17.92,0.025220321,14.4994567,108.5759646,A47
481,Mãi táp,Aidia oxyodonta ,36.8,11.71,0.010775302,14.4999954,108.5758616,A47
482,Mãi táp,Aidia oxyodonta ,48.8,15.53,0.01894844,14.5000421,108.5758463,A47
483,Mãi táp,Aidia oxyodonta ,48.4,15.4,0.018639083,14.5001416,108.5758222,A47
484,Mãi táp,Aidia oxyodonta ,33,10.5,0.008664863,14.4998157,108.5757914,A47
485,Mãi táp,Aidia oxyodonta ,39.5,12.57,0.012414465,14.4997478,108.5757708,A47
486,Mãi táp,Aidia oxyodonta ,60,19.1,0.028644176,14.4997478,108.5757708,A47
487,Mãi táp,Aidia oxyodonta ,36.5,11.62,0.010600334,14.499706,108.5757025,A47
488,Mãi táp,Aidia oxyodonta ,66.6,21.2,0.035292489,14.4995889,108.5756705,A47
489,Mãi táp,Aidia oxyodonta ,51,16.23,0.020695417,14.4995053,108.5756527,A47
490,Mãi táp,Aidia oxyodonta ,57.5,18.3,0.026306891,14.4997019,108.5756371,A47
491,Mãi táp,Aidia oxyodonta ,39.5,12.57,0.012414465,14.4997864,108.5756282,A47
492,Mãi táp,Aidia oxyodonta ,35.5,11.3,0.010027451,14.4997173,108.5755914,A47
493,Mãi táp,Aidia oxyodonta ,71.5,22.76,0.040676719,14.5001024,108.5755643,A47
494,Mãi táp,Aidia oxyodonta ,51.3,16.33,0.020939609,14.4997185,108.5754828,A47
495,Mật sa,Meliosma sp,37.5,11.94,0.011189131,14.500014,108.576421,A48
496,Mật sa,Meliosma sp,44,14,0.015404201,14.499456,108.576116,A48
497,Mít rừng,Artocarpus styracifolius ,87,27.69,0.060224379,14.499316,108.575818,A49
498,Mít rừng,Artocarpus styracifolius ,63.5,20.21,0.032083466,14.499894,108.576169,A49
499,Cà đuối,Cryptocarya metcalfiana,42.5,13.53,0.014371817,14.499481,108.576286,A5
500,Cà đuối,Cryptocarya metcalfiana,52.2,16.61,0.021680777,14.499289,108.575722,A5
501,Cà đuối,Cryptocarya metcalfiana,42.6,13.56,0.014439529,14.5001755,108.5760561,A5
502,Cà đuối,Cryptocarya metcalfiana,38,12.09,0.011489497,14.5001643,108.5760045,A5
503,Cà đuối,Cryptocarya metcalfiana,44.2,14.07,0.015544558,14.5000947,108.575683,A5
504,Cà đuối,Cryptocarya metcalfiana,75,23.87,0.044756525,14.4997399,108.5756417,A5
505,Cà đuối,Cryptocarya metcalfiana,72.4,23.04,0.041707193,14.4993797,108.5755707,A5
506,Cà đuối,Cryptocarya metcalfiana,64,20.37,0.032590707,14.4995727,108.5754971,A5
507,Nhàu,Morinda Sp,48.5,15.44,0.018716184,14.4996806,108.5757783,A50
508,Nhọc,Huberantha cerasoides,30.5,9.71,0.007401735,14.499286,108.57617,A51
509,Nhọc,Huberantha cerasoides,37.5,11.94,0.011189131,14.499631,108.576089,A51
510,Nhọc,Huberantha cerasoides,35.8,11.39,0.010197645,14.499898,108.575932,A51
511,Nhọc,Huberantha cerasoides,45.5,14.48,0.01647239,14.499374,108.575925,A51
512,Nhọc,Huberantha cerasoides,61,19.41,0.029606938,14.4996779,108.5757772,A51
513,Quế bạc,Cinnamomum mairei ,44.2,14.07,0.015544558,14.499553,108.576227,A52
514,Quế bạc,Cinnamomum mairei ,97.3,30.97,0.075328533,14.500088,108.576176,A52
515,Quế bạc,Cinnamomum mairei ,95.3,30.33,0.072263606,14.49931,108.576162,A52
516,Quế bạc,Cinnamomum mairei ,124,39.47,0.122342457,14.5000144,108.5759082,A52
517,Quế bạc,Cinnamomum mairei ,129.5,41.22,0.133436108,14.499502,108.575906,A52
518,Quế bạc,Cinnamomum mairei ,54,17.19,0.023201782,14.499405,108.5755528,A52
519,Ràng ràng mít,Ormosia balansae,100,31.83,0.079567155,14.5001153,108.5759292,A53
520,Sến,Madhuca Sp 1,45.5,14.48,0.01647239,14.499682,108.576443,A55
521,Sến,Madhuca Sp 1,50.5,16.07,0.020291614,14.499606,108.576255,A55
522,Sến,Madhuca Sp 1,37.9,12.06,0.011429106,14.499371,108.5762,A55
523,Sến,Madhuca Sp 1,38.5,12.25,0.011793842,14.499855,108.575923,A55
524,Sến,Madhuca Sp 1,35,11.14,0.009746976,14.4998272,108.5759158,A55
525,Sến,Madhuca Sp 1,64.5,20.53,0.033101926,14.4999664,108.5758947,A55
526,Sến,Madhuca Sp 1,50,15.91,0.019891789,14.499852,108.575828,A55
527,Sến,Madhuca Sp 1,55,17.5,0.024069064,14.4998459,108.5758176,A55
528,Sến,Madhuca Sp 1,87.5,27.85,0.060918603,14.5001088,108.5757984,A55
529,Sến,Madhuca Sp 1,73.5,23.39,0.042984166,14.5000041,108.5757819,A55
530,Sến,Madhuca Sp 1,61,19.41,0.029606938,14.4996801,108.5757708,A55
531,Sến,Madhuca Sp 1,48,15.28,0.018332272,14.4999887,108.5757503,A55
532,Sến,Madhuca Sp 1,105,33.42,0.087722788,14.499405,108.5755528,A55
533,Sến đất,Madhuca Sp 2,31.5,10.03,0.007895051,14.499428,108.576382,A56
534,Sến mủ,Madhuca Sp 3,31.5,10.03,0.007895051,14.500014,108.576432,A57
535,Sến mủ,Madhuca Sp 3,40,12.73,0.012730745,14.49969,108.576314,A57
536,Sến mủ,Madhuca Sp 3,43,13.69,0.014711967,14.49966,108.575968,A57
537,Sồi langbiang,Quercus langbianensis,34,10.82,0.009197963,14.499857,108.576063,A58
538,Sồi langbiang,Quercus langbianensis,53.8,17.12,0.023030236,14.4999656,108.5760448,A58
539,Sồi langbiang,Quercus langbianensis,68.6,21.83,0.037443985,14.5000226,108.5757173,A58
540,Sòi tía,Triadica cochinchinensis ,39.8,12.67,0.012603756,14.499612,108.576358,A59
541,Sòi tía,Triadica cochinchinensis ,71.3,22.69,0.040449475,14.499538,108.576352,A59
542,Sòi tía,Triadica cochinchinensis ,51,16.23,0.020695417,14.499932,108.576035,A59
543,Sòi tía,Triadica cochinchinensis ,87,27.69,0.060224379,14.4992483,108.5756889,A59
544,Cám,Parinari annamensis ,49.5,15.75,0.019495942,14.499633,108.576149,A6
545,Sống rắn,Albizia corniculata ,58.5,18.62,0.02722987,14.499329,108.576074,A60
546,Sp,Sp,33.5,10.66,0.008929424,14.499386,108.576392,A61
547,Sp,Sp,31,9.87,0.007646404,14.499604,108.57638,A61
548,Sp,Sp,41,13.05,0.013375239,14.499815,108.576362,A61
549,Sp,Sp,34.5,10.98,0.009470481,14.499273,108.576332,A61
550,Sp,Sp,37,11.78,0.010892743,14.499233,108.575871,A61
551,Sp,Sp,39,12.41,0.012102164,14.499274,108.575701,A61
552,Sp,Sp,46.8,14.89,0.017427116,14.499436,108.576249,A61
553,Sp,Sp,40.4,12.86,0.012986633,14.499932,108.576245,A61
554,Sp,Sp,55.7,17.73,0.02468563,14.500027,108.576239,A61
555,Sp,Sp,40.2,12.79,0.01285837,14.499833,108.576201,A61
556,Sp,Sp,32,10.18,0.008147677,14.499934,108.576194,A61
557,Sp,Sp,38,12.09,0.011489497,14.500117,108.576191,A61
558,Sp,Sp,40.5,12.89,0.013051003,14.499942,108.576178,A61
559,Sp,Sp,48,15.28,0.018332272,14.500104,108.576169,A61
560,Sp,Sp,44.8,14.26,0.015969446,14.500104,108.576168,A61
561,Sp,Sp,37.4,11.9,0.011129535,14.499633,108.576149,A61
562,Sp,Sp,46.5,14.8,0.017204408,14.499875,108.576142,A61
563,Sp,Sp,35.5,11.3,0.010027451,14.49983,108.57612,A61
564,Sp,Sp,49.5,15.75,0.019495942,14.499725,108.576116,A61
565,Sp,Sp,50.6,16.1,0.020372056,14.500061,108.57611,A61
566,Sp,Sp,53.5,17.03,0.022774109,14.500061,108.57611,A61
567,Sp,Sp,50.5,16.07,0.020291614,14.499243,108.576054,A61
568,Sp,Sp,40.5,12.89,0.013051003,14.499242,108.576051,A61
569,Sp,Sp,57.5,18.3,0.026306891,14.499816,108.576045,A61
570,Sp,Sp,37.8,12.03,0.011368873,14.5000871,108.5760199,A61
571,Sp,Sp,37.1,11.81,0.010951703,14.499528,108.576003,A61
572,Sp,Sp,38,12.09,0.011489497,14.5000048,108.5759791,A61
573,Sp,Sp,86.4,27.5,0.059396563,14.49937,108.575946,A61
574,Sp,Sp,55.8,17.76,0.024774348,14.5000139,108.5759451,A61
575,Sp,Sp,71.4,22.72,0.040563017,14.5001253,108.5759279,A61
576,Sp,Sp,42,13.37,0.014035646,14.499982,108.575898,A61
577,Sp,Sp,73.5,23.39,0.042984166,14.499878,108.575884,A61
578,Sp,Sp,52.5,16.71,0.021930697,14.4995047,108.57587,A61
579,Sp,Sp,55.5,17.66,0.024508673,14.4995636,108.5758284,A61
580,Sp,Sp,69.5,22.12,0.038432925,14.4997186,108.5757858,A61
581,Sp,Sp,48,15.28,0.018332272,14.4997186,108.5757858,A61
582,Sp,Sp,36.8,11.71,0.010775302,14.4994232,108.5757195,A61
583,Sp,Sp,170,54.11,0.229949077,14.5000541,108.5756745,A61
584,Sp,Sp,58,18.46,0.026766391,14.4993727,108.5756407,A61
585,Sp,Sp,96,30.55,0.07332909,14.4994259,108.575599,A61
586,Sp,Sp,182,57.92,0.263558243,14.4998166,108.5755733,A61
587,Sụ,Alseodaphne Sp,78,24.82,0.048408657,14.49942,108.575997,A62
588,Sú hương,Lasianthus Sp 1,43.4,13.81,0.014986951,14.5001193,108.5757687,A63
589,Sú hương,Lasianthus Sp 1,40,12.73,0.012730745,14.499794,108.576102,A63
590,Sú hương,Lasianthus Sp 1,53,16.87,0.022350414,14.5000605,108.5760051,A63
591,Sụ thon,Lasianthus Sp 2,46,14.64,0.01683641,14.499218,108.57611,A64
592,Súm,Eurya Sp,40.4,12.86,0.012986633,14.499556,108.576445,A65
593,Súm,Eurya Sp,32,10.18,0.008147677,14.499569,108.576417,A65
594,Súm,Eurya Sp,42,13.37,0.014035646,14.499928,108.576379,A65
595,Súm,Eurya Sp,32,10.18,0.008147677,14.499371,108.5762,A65
596,Súm,Eurya Sp,37.5,11.94,0.011189131,14.499429,108.576175,A65
597,Súm,Eurya Sp,46.6,14.83,0.017278485,14.499751,108.576174,A65
598,Súm,Eurya Sp,33,10.5,0.008664863,14.49957,108.576166,A65
599,Súm,Eurya Sp,42.3,13.46,0.014236871,14.5001669,108.576048,A65
600,Súm,Eurya Sp,45.7,14.54,0.016617521,14.4999817,108.575959,A65
601,Súm,Eurya Sp,43,13.69,0.014711967,14.4999608,108.5758943,A65
602,Súm,Eurya Sp,45,14.32,0.016112349,14.499497,108.5758462,A65
603,Súm,Eurya Sp,71.8,22.85,0.041018778,14.5001107,108.5758017,A65
604,Súm,Eurya Sp,171,54.42,0.232662317,14.5000947,108.575683,A65
605,Sung rừng,Ficus hispida,28.8,9.17,0.006599618,14.5001089,108.575702,A66
606,Thẩu tấu,Aporosa dioica,35,11.14,0.009746976,14.499292,108.575839,A67
607,Thị rừng,Diospyros Sp,78.5,24.98,0.04903127,14.499626,108.576217,A68
608,Thị rừng,Diospyros Sp,41.4,13.18,0.013637492,14.4993857,108.5756848,A68
609,Thị rừng,Diospyros Sp,53,16.87,0.022350414,14.4994887,108.5756023,A68
610,Thị rừng,Diospyros Sp,123.4,39.27,0.121161362,14.4994024,108.5755867,A68
611,Chắp tay,Exbucklandia tonkinensis ,33.5,10.66,0.008929424,14.500001,108.576347,A7
612,Chắp tay,Exbucklandia tonkinensis ,32.5,10.34,0.008404281,14.499759,108.576065,A7
613,Chắp tay,Exbucklandia tonkinensis ,43,13.69,0.014711967,14.499534,108.576038,A7
614,Chắp tay,Exbucklandia tonkinensis ,37.8,12.03,0.011368873,14.5000233,108.5758191,A7
615,Chắp tay,Exbucklandia tonkinensis ,40.8,12.99,0.013245067,14.499435,108.5757502,A7
616,Chắp tay,Exbucklandia tonkinensis ,129.4,41.18,0.133230108,14.4999882,108.5755616,A7
617,Trâm,Syzygium cinereum ,37.5,11.94,0.011189131,14.499358,108.575829,A70
618,Trâm,Syzygium cinereum ,31.5,10.03,0.007895051,14.499166,108.575554,A70
619,Trâm,Syzygium cinereum ,50,15.91,0.019891789,14.4995613,108.5758284,A70
620,Trâm,Syzygium cinereum ,52,16.55,0.021514959,14.4994539,108.5757872,A70
621,Trám cạnh,Canarium Sp,112,35.65,0.099809039,14.49978,108.576388,A71
622,Trâm đỏ,Syzygium zeylanicum,38.4,12.22,0.011732654,14.499408,108.576458,A72
623,Trâm đỏ,Syzygium zeylanicum,71,22.6,0.040109803,14.500005,108.576413,A72
624,Trâm đỏ,Syzygium zeylanicum,39.2,12.48,0.012226607,14.499676,108.576386,A72
625,Trâm đỏ,Syzygium zeylanicum,47,14.96,0.017576384,14.499766,108.576378,A72
626,Trâm đỏ,Syzygium zeylanicum,46.8,14.89,0.017427116,14.499708,108.576376,A72
627,Trâm đỏ,Syzygium zeylanicum,55.3,17.6,0.024332352,14.499464,108.576302,A72
628,Trâm đỏ,Syzygium zeylanicum,56,17.82,0.02495226,14.499374,108.575801,A72
629,Trâm đỏ,Syzygium zeylanicum,111,35.33,0.098034691,14.49941,108.575743,A72
630,Trâm đỏ,Syzygium zeylanicum,65,20.69,0.033617123,14.500037,108.576247,A72
631,Trâm đỏ,Syzygium zeylanicum,41.4,13.18,0.013637492,14.499919,108.57623,A72
632,Trâm đỏ,Syzygium zeylanicum,64.5,20.53,0.033101926,14.49933,108.576187,A72
633,Trâm đỏ,Syzygium zeylanicum,101.3,32.24,0.081649348,14.499964,108.576166,A72
634,Trâm đỏ,Syzygium zeylanicum,33,10.5,0.008664863,14.499376,108.576154,A72
635,Trâm đỏ,Syzygium zeylanicum,72.5,23.07,0.041822486,14.49942,108.576068,A72
636,Trâm đỏ,Syzygium zeylanicum,50,15.91,0.019891789,14.499222,108.576057,A72
637,Trâm đỏ,Syzygium zeylanicum,78.8,25.08,0.049406747,14.5001813,108.5760568,A72
638,Trâm đỏ,Syzygium zeylanicum,41,13.05,0.013375239,14.5000718,108.5760409,A72
639,Trâm đỏ,Syzygium zeylanicum,82,26.1,0.053500955,14.499931,108.576034,A72
640,Trâm đỏ,Syzygium zeylanicum,51.5,16.39,0.021103199,14.5000877,108.5760211,A72
641,Trâm đỏ,Syzygium zeylanicum,41.8,13.3,0.013902292,14.499934,108.576021,A72
642,Trâm đỏ,Syzygium zeylanicum,162.4,51.69,0.209848504,14.499935,108.576015,A72
643,Trâm đỏ,Syzygium zeylanicum,186,59.2,0.275270528,14.500049,108.576007,A72
644,Trâm đỏ,Syzygium zeylanicum,137.6,43.79,0.150650541,14.499528,108.576003,A72
645,Trâm đỏ,Syzygium zeylanicum,85.7,27.28,0.058438017,14.499707,108.57597,A72
646,Trâm đỏ,Syzygium zeylanicum,87,27.69,0.060224379,14.499866,108.57596,A72
647,Trâm đỏ,Syzygium zeylanicum,82,26.1,0.053500955,14.4999835,108.575958,A72
648,Trâm đỏ,Syzygium zeylanicum,58,18.46,0.026766391,14.499543,108.575957,A72
649,Trâm đỏ,Syzygium zeylanicum,99.5,31.67,0.078773472,14.499559,108.575947,A72
650,Trâm đỏ,Syzygium zeylanicum,61,19.41,0.029606938,14.499877,108.57592,A72
651,Trâm đỏ,Syzygium zeylanicum,72,22.92,0.041247613,14.5000786,108.5758757,A72
652,Trâm đỏ,Syzygium zeylanicum,83.4,26.54,0.055343412,14.500064,108.5758669,A72
653,Trâm đỏ,Syzygium zeylanicum,210.5,67,0.352564052,14.49986193,108.5758477,A72
654,Trâm đỏ,Syzygium zeylanicum,110,35.01,0.096276257,14.4996583,108.5758249,A72
655,Trâm đỏ,Syzygium zeylanicum,162.4,51.69,0.209848504,14.4996468,108.5758233,A72
656,Trâm đỏ,Syzygium zeylanicum,178.5,56.81,0.253518857,14.500033,108.575803,A72
657,Trâm đỏ,Syzygium zeylanicum,170,54.11,0.229949077,14.4994927,108.5757929,A72
658,Trâm đỏ,Syzygium zeylanicum,133.5,42.49,0.141806572,14.4997971,108.5757842,A72
659,Trâm đỏ,Syzygium zeylanicum,149,47.42,0.17664704,14.499351,108.5756711,A72
660,Trâm đỏ,Syzygium zeylanicum,177,56.33,0.249275939,14.4994033,108.5755896,A72
661,Trâm đỏ,Syzygium zeylanicum,122,38.83,0.118427753,14.4992604,108.5755865,A72
662,Trâm đỏ,Syzygium zeylanicum,130,41.37,0.134468491,14.5001384,108.5755735,A72
663,Trâm đỏ,Syzygium zeylanicum,180,57.29,0.257797581,14.5001283,108.575551,A72
664,Trâm đỏ,Syzygium zeylanicum,123,39.15,0.120377148,14.4998315,108.5755442,A72
665,Trâm đỏ,Syzygium zeylanicum,248.5,79.09,0.491345083,14.4995727,108.5754971,A72
666,Trâm đỏ,Syzygium zeylanicum,231,73.52,0.424578294,14.4993685,108.5754754,A72
667,Trâm lá to,Syzygium cuminii ,41,13.05,0.013375239,14.499304,108.576163,A73
668,Trâm lá to,Syzygium cuminii ,157,49.97,0.19612508,14.5000375,108.5760137,A73
669,Trâm núi,Syzygium levinei,39.3,12.51,0.012289067,14.499765,108.576412,A74
670,Trâm núi,Syzygium levinei,37.5,11.94,0.011189131,14.50001,108.576411,A74
671,Trâm núi,Syzygium levinei,37.5,11.94,0.011189131,14.499343,108.575768,A74
672,Trâm núi,Syzygium levinei,27.5,8.75,0.006017266,14.499234,108.575711,A74
673,Trâm núi,Syzygium levinei,56.5,17.98,0.025399825,14.499704,108.576241,A74
674,Trâm núi,Syzygium levinei,57.4,18.27,0.026215468,14.499919,108.576157,A74
675,Trâm núi,Syzygium levinei,39.6,12.6,0.012477403,14.499912,108.576154,A74
676,Trâm núi,Syzygium levinei,40.2,12.79,0.01285837,14.500187,108.576125,A74
677,Trâm núi,Syzygium levinei,37,11.78,0.010892743,14.500187,108.576125,A74
678,Trâm núi,Syzygium levinei,56,17.82,0.02495226,14.499644,108.576088,A74
679,Trâm núi,Syzygium levinei,45.4,14.45,0.016400064,14.500044,108.576084,A74
680,Trâm núi,Syzygium levinei,37.5,11.94,0.011189131,14.4998,108.576081,A74
681,Trâm núi,Syzygium levinei,31,9.87,0.007646404,14.499764,108.576061,A74
682,Trâm núi,Syzygium levinei,33.9,10.79,0.009143937,14.499822,108.57604,A74
683,Trâm núi,Syzygium levinei,53.5,17.03,0.022774109,14.499944,108.576016,A74
684,Trâm núi,Syzygium levinei,33.4,10.63,0.008876194,14.500006,108.576009,A74
685,Trâm núi,Syzygium levinei,53.6,17.06,0.022859325,14.499739,108.575991,A74
686,Trâm núi,Syzygium levinei,62.4,19.86,0.03098154,14.5000048,108.5759791,A74
687,Trâm núi,Syzygium levinei,43,13.69,0.014711967,14.499366,108.575977,A74
688,Trâm núi,Syzygium levinei,61,19.41,0.029606938,14.5001153,108.5759292,A74
689,Trâm núi,Syzygium levinei,41.5,13.21,0.013703453,14.499798,108.575919,A74
690,Trâm núi,Syzygium levinei,43.6,13.88,0.015125398,14.499798,108.575919,A74
691,Trâm núi,Syzygium levinei,89.6,28.52,0.063877785,14.499937,108.575892,A74
692,Trâm núi,Syzygium levinei,30,9.55,0.007161044,14.499868,108.5758883,A74
693,Trâm núi,Syzygium levinei,64.7,20.59,0.033307527,14.499878,108.575884,A74
694,Trâm núi,Syzygium levinei,60.7,19.32,0.029316439,14.5000786,108.5758757,A74
695,Trâm núi,Syzygium levinei,42.8,13.62,0.01457543,14.499238,108.575873,A74
696,Trâm núi,Syzygium levinei,41,13.05,0.013375239,14.4995062,108.5758679,A74
697,Trâm núi,Syzygium levinei,39,12.41,0.012102164,14.5001404,108.5758248,A74
698,Trâm núi,Syzygium levinei,31.5,10.03,0.007895051,14.4994898,108.5758229,A74
699,Trâm núi,Syzygium levinei,68.8,21.9,0.037662635,14.4998871,108.5758128,A74
700,Trâm núi,Syzygium levinei,38,12.09,0.011489497,14.4994744,108.5757972,A74
701,Trâm núi,Syzygium levinei,74,23.55,0.043570974,14.499418,108.5757971,A74
702,Trâm núi,Syzygium levinei,93.8,29.85,0.070006684,14.4996707,108.5757728,A74
703,Trâm núi,Syzygium levinei,60.7,19.32,0.029316439,14.4996581,108.5757603,A74
704,Trâm núi,Syzygium levinei,47,14.96,0.017576384,14.4998833,108.575727,A74
705,Trâm núi,Syzygium levinei,36.5,11.62,0.010600334,14.4999635,108.5757209,A74
706,Trâm núi,Syzygium levinei,50,15.91,0.019891789,14.4994959,108.575718,A74
707,Trâm núi,Syzygium levinei,42,13.37,0.014035646,14.4994921,108.5756901,A74
708,Trâm núi,Syzygium levinei,58,18.46,0.026766391,14.4992404,108.5756895,A74
709,Trâm núi,Syzygium levinei,40,12.73,0.012730745,14.4992316,108.5756839,A74
710,Trâm núi,Syzygium levinei,67.5,21.48,0.036252785,14.4995967,108.5756732,A74
711,Trâm núi,Syzygium levinei,59.5,18.94,0.028168762,14.4994124,108.5756657,A74
712,Trâm núi,Syzygium levinei,52.5,16.71,0.021930697,14.4998513,108.5756509,A74
713,Trâm núi,Syzygium levinei,43.8,13.94,0.015264481,14.4998478,108.5756469,A74
714,Trâm núi,Syzygium levinei,116.5,37.08,0.107990532,14.499521,108.5756463,A74
715,Trâm núi,Syzygium levinei,186.2,59.26,0.275862826,14.4995419,108.575608,A74
716,Trâm núi,Syzygium levinei,186.4,59.33,0.276455761,14.4995419,108.575608,A74
717,Trâm núi,Syzygium levinei,125.8,40.04,0.125920115,14.4998711,108.5755912,A74
718,Trâm núi,Syzygium levinei,149,47.42,0.17664704,14.499838,108.5755765,A74
719,Trâm núi,Syzygium levinei,111.8,35.58,0.099452896,14.5001384,108.5755735,A74
720,Trâm núi,Syzygium levinei,149,47.42,0.17664704,14.499731,108.5755675,A74
721,Trâm núi,Syzygium levinei,122,38.83,0.118427753,14.5001024,108.5755643,A74
722,Trâm núi,Syzygium levinei,115,36.6,0.105227562,14.4993905,108.5755604,A74
723,Trâm núi,Syzygium levinei,86,27.37,0.058847868,14.4994169,108.5755564,A74
724,Trâm núi,Syzygium levinei,75.4,24,0.045235201,14.4995984,108.5755472,A74
725,Trâm trắng,Syzygium wightianum ,47.8,15.21,0.018179822,14.500009,108.576418,A75
726,Trâm trắng,Syzygium wightianum ,35.4,11.27,0.009971038,14.500004,108.576411,A75
727,Trâm trắng,Syzygium wightianum ,32.5,10.34,0.008404281,14.499997,108.576335,A75
728,Trâm trắng,Syzygium wightianum ,31,9.87,0.007646404,14.499724,108.576326,A75
729,Trâm trắng,Syzygium wightianum ,53,16.87,0.022350414,14.499403,108.576277,A75
730,Trâm trắng,Syzygium wightianum ,52.3,16.65,0.021763924,14.499251,108.575863,A75
731,Trâm trắng,Syzygium wightianum ,39,12.41,0.012102164,14.499359,108.575799,A75
732,Trâm trắng,Syzygium wightianum ,56.4,17.95,0.025309994,14.499999,108.576284,A75
733,Trâm trắng,Syzygium wightianum ,33.5,10.66,0.008929424,14.499614,108.576149,A75
734,Trâm trắng,Syzygium wightianum ,62.3,19.83,0.03088232,14.500117,108.576194,A75
735,Trâm trắng,Syzygium wightianum ,52.1,16.58,0.021597788,14.499692,108.576105,A75
736,Trâm trắng,Syzygium wightianum ,69.4,22.09,0.038322406,14.500169,108.576077,A75
737,Trâm trắng,Syzygium wightianum ,31.5,10.03,0.007895051,14.5000575,108.5760631,A75
738,Trâm trắng,Syzygium wightianum ,46.5,14.8,0.017204408,14.499831,108.576041,A75
739,Trâm trắng,Syzygium wightianum ,40,12.73,0.012730745,14.5000718,108.5760409,A75
740,Trâm trắng,Syzygium wightianum ,60,19.1,0.028644176,14.5001341,108.576033,A75
741,Trâm trắng,Syzygium wightianum ,188.8,60.09,0.283620624,14.499707,108.57597,A75
742,Trâm trắng,Syzygium wightianum ,77.5,24.67,0.047790022,14.499231,108.575963,A75
743,Trâm trắng,Syzygium wightianum ,80,25.46,0.050922979,14.49966,108.575962,A75
744,Trâm trắng,Syzygium wightianum ,70.6,22.47,0.039659134,14.500047,108.5759155,A75
745,Trâm trắng,Syzygium wightianum ,53.5,17.03,0.022774109,14.500064,108.5758669,A75
746,Trâm trắng,Syzygium wightianum ,48.8,15.53,0.01894844,14.4994712,108.5758585,A75
747,Trâm trắng,Syzygium wightianum ,90.5,28.8,0.065167489,14.4998748,108.5758243,A75
748,Trâm trắng,Syzygium wightianum ,67,21.32,0.035717696,14.4998803,108.5757816,A75
749,Trâm trắng,Syzygium wightianum ,69.5,22.12,0.038432925,14.4998803,108.5757816,A75
750,Trâm trắng,Syzygium wightianum ,71,22.6,0.040109803,14.4995915,108.5757771,A75
751,Trâm trắng,Syzygium wightianum ,181,57.61,0.260669955,14.500013,108.5757337,A75
752,Trâm trắng,Syzygium wightianum ,95,30.24,0.071809357,14.5000156,108.5756981,A75
753,Trâm trắng,Syzygium wightianum ,108.2,34.44,0.093151178,14.5000849,108.5756891,A75
754,Trâm trắng,Syzygium wightianum ,162.2,51.62,0.209331954,14.5000887,108.5756392,A75
755,Trâm trắng,Syzygium wightianum ,100,31.83,0.079567155,14.5001405,108.5755778,A75
756,Trâm trắng,Syzygium wightianum ,85,27.05,0.057487269,14.5001024,108.5755643,A75
757,Trâm trắng,Syzygium wightianum ,149,47.42,0.17664704,14.4993317,108.5755185,A75
758,Trâm trắng,Syzygium wightianum ,127,40.42,0.128333864,14.4998539,108.5754702,A75
759,Trâm vỏ đỏ,Syzygium zeylanicum ,131.8,41.95,0.138218014,14.499742,108.576223,A76
760,Trâm vỏ đỏ,Syzygium zeylanicum ,16.9,5.38,0.002272518,14.499456,108.576116,A76
761,Trôm,Sterculia foetida,44,14,0.015404201,14.4994028,108.575755,A77
762,Trơn trà,Sp 5,48.6,15.47,0.018793444,14.500112,108.5760442,A78
763,Tỳ bà,Eriobotrya japonica,38.1,12.13,0.011550048,14.5000555,108.5757211,A79
764,Chắp xanh,Exbucklandia populnea ,28.4,9.04,0.006417568,14.501319,108.576424,A8
765,Chắp xanh,Exbucklandia populnea ,31.5,10.03,0.007895051,14.499237,108.57642,A8
766,Chắp xanh,Exbucklandia populnea ,37.5,11.94,0.011189131,14.49993,108.576383,A8
767,Chắp xanh,Exbucklandia populnea ,48,15.28,0.018332272,14.499966,108.57636,A8
768,Chắp xanh,Exbucklandia populnea ,35.6,11.33,0.010084023,14.499449,108.576349,A8
769,Chắp xanh,Exbucklandia populnea ,53.8,17.12,0.023030236,14.499669,108.576313,A8
770,Chắp xanh,Exbucklandia populnea ,42,13.37,0.014035646,14.500041,108.57626,A8
771,Chắp xanh,Exbucklandia populnea ,38.2,12.16,0.011610757,14.500088,108.576176,A8
772,Chắp xanh,Exbucklandia populnea ,45.5,14.48,0.01647239,14.499497,108.576147,A8
773,Chắp xanh,Exbucklandia populnea ,39,12.41,0.012102164,14.499852,108.576144,A8
774,Chắp xanh,Exbucklandia populnea ,32.5,10.34,0.008404281,14.499415,108.576133,A8
775,Chắp xanh,Exbucklandia populnea ,56,17.82,0.02495226,14.500113,108.576043,A8
776,Chắp xanh,Exbucklandia populnea ,46,14.64,0.01683641,14.499863,108.576028,A8
777,Chắp xanh,Exbucklandia populnea ,40.5,12.89,0.013051003,14.5000781,108.5760159,A8
778,Chắp xanh,Exbucklandia populnea ,76.6,24.38,0.046686505,14.5000006,108.5759722,A8
779,Chắp xanh,Exbucklandia populnea ,54,17.19,0.023201782,14.499621,108.575965,A8
780,Chắp xanh,Exbucklandia populnea ,49,15.6,0.019104074,14.5001236,108.5759468,A8
781,Chắp xanh,Exbucklandia populnea ,114.5,36.44,0.104314529,14.50013,108.5759347,A8
782,Chắp xanh,Exbucklandia populnea ,99.5,31.67,0.078773472,14.499877,108.57592,A8
783,Chắp xanh,Exbucklandia populnea ,57,18.14,0.025851369,14.499935,108.575893,A8
784,Chắp xanh,Exbucklandia populnea ,24,7.64,0.004583068,14.4997593,108.5758832,A8
785,Chắp xanh,Exbucklandia populnea ,96.2,30.62,0.073634946,14.4998023,108.5758624,A8
786,Chắp xanh,Exbucklandia populnea ,101,32.15,0.081166454,14.499494,108.575844,A8
787,Chắp xanh,Exbucklandia populnea ,59.8,19.03,0.028453533,14.4998955,108.5757849,A8
788,Chắp xanh,Exbucklandia populnea ,118,37.56,0.110789306,14.4997971,108.5756568,A8
789,Chắp xanh,Exbucklandia populnea ,133,42.33,0.14074634,14.4992647,108.5755307,A8
790,Vạng trứng,Endospermum chinense,35.6,11.33,0.010084023,14.503472,108.576377,A81
791,Vạng trứng,Endospermum chinense,34,10.82,0.009197963,14.499448,108.576141,A81
792,Vạng trứng,Endospermum chinense,53,16.87,0.022350414,14.499365,108.576096,A81
793,Vạng trứng,Endospermum chinense,49.8,15.85,0.019732973,14.499826,108.576061,A81
794,Vạng trứng,Endospermum chinense,29.5,9.39,0.006924332,14.499875,108.575948,A81
795,Vạng trứng,Endospermum chinense,36.5,11.62,0.010600334,14.499326,108.57592,A81
796,Vạng trứng,Endospermum chinense,56.5,17.98,0.025399825,14.499618,108.575881,A81
797,Vạng trứng,Endospermum chinense,97.5,31.03,0.075638526,14.499485,108.576204,A81
798,Vĩ hùng,Stemonurus malaccensis ,84.5,26.89,0.056812938,14.499464,108.576311,A82
799,Xoan đào,Prunus arborea,38.7,12.32,0.011916693,14.499496,108.576164,A83
800,Xoan đào,Prunus arborea,42,13.37,0.014035646,14.500011,108.5757001,A83
801,Xoan đào,Prunus arborea,61.4,19.54,0.029996499,14.4999879,108.5756322,A83
802,Y thiếp,Sp 6,45,14.32,0.016112349,14.499298,108.576417,A85
803,Chắp xanh lá to,Exbucklandia Sp,61,19.41,0.029606938,14.499669,108.576313,A9
